symbol,entry_time,exit_time,hours_held,entry_apr,long_funding_total_usd,long_funding_payment_count,long_funding_interval_hours,long_avg_payment_usd,short_funding_total_usd,short_funding_payment_count,short_funding_interval_hours,short_avg_payment_usd,net_funding_usd,net_funding_pct,long_price_pnl_usd,short_price_pnl_usd,total_price_pnl_usd,entry_fees_usd,exit_fees_usd,total_fees_usd,realized_pnl_usd,realized_pnl_pct,episode
SUPERUSDT,2025-12-03 01:30:00+00:00,2025-12-03 05:55:00+00:00,4.416666666666667,3149.93832,0.14118636064400716,4,1,0.03529659016100179,-0.12862263377459748,4,1,-0.03215565844364937,0.01256372686940968,0.0628186343470484,-0.3825717321997866,0.28912179255511417,-0.09344993964467246,0.008,0.021260107334525942,0.029260107334525942,-0.21705416221824472,-1.0852708110912237,1
PIPPINUSDT,2025-12-03 08:30:00+00:00,2025-12-03 14:05:00+00:00,5.583333333333333,6559.80336,0.7386275278118225,6,1,0.12310458796863709,-0.5619111903365702,6,1,-0.09365186505609503,0.17671633747525228,0.8835816873762614,-1.019622396437352,0.9213741555268073,-0.09824824091054456,0.008,0.019863156406146887,0.027863156406146887,-0.11040956994437634,-0.5520478497218817,1
PIPPINUSDT,2025-12-03 17:30:00+00:00,2025-12-04 10:30:00+00:00,17.0,3568.75392,1.5479637996124265,17,1,0.09105669409484862,-1.323102973899352,17,1,-0.07782958669996189,0.22486082571307442,1.124304128565372,2.2834739929370933,-2.2574912678472954,0.025982725089798108,0.008,0.026995397565554413,0.03499539756555441,0.348528299824381,1.7426414991219048,1
PIPPINUSDT,2025-12-04 16:30:00+00:00,2025-12-04 20:05:00+00:00,3.5833333333333335,4758.0378,0.4145665131888614,4,1,0.10364162829721535,-0.35833582229393274,4,1,-0.08958395557348318,0.05623069089492866,0.2811534544746433,0.2440225419926695,-0.32031692133559697,-0.07629437934292746,0.008,0.022619356274515265,0.030619356274515265,-0.1079185844270709,-0.5395929221353546,1
REDUSDT,2025-12-05 00:30:00+00:00,2025-12-05 10:05:00+00:00,9.583333333333334,2820.65868,0.25531000817228044,10,1,0.025531000817228044,-0.08938225591754097,2,4,-0.044691127958770484,0.1659277522547395,0.8296387612736975,-0.20117044623262437,0.1111522786217098,-0.09001816761091455,0.008,0.021655807104730355,0.029655807104730356,-0.047788426651942065,-0.2389421332597103,1
AIAUSDT,2025-12-05 10:30:00+00:00,2025-12-05 11:40:00+00:00,1.1666666666666667,2680.23588,-0.0002538483067450322,1,1,-0.0002538483067450322,0.03852293691575707,1,1,0.03852293691575707,0.038269088609012035,0.19134544304506018,-0.17089305402425686,0.23877202956225183,0.06787897553799498,0.008,0.021550517772180238,0.029550517772180238,0.1318643866778606,0.659321933389303,1
CVCUSDT,2025-12-05 12:45:00+00:00,2025-12-05 16:00:00+00:00,3.25,2774.87892,0.46343051343798525,4,1,0.11585762835949631,-0.5022425392444368,1,8,-0.5022425392444368,-0.0388120258064516,-0.194060129032258,-0.3777508230809209,-0.02575991756826452,-0.40351074064918535,0.008,0.02161480075901329,0.02961480075901329,-0.872290894186648,-4.361454470933239,1
CVCUSDT,2025-12-05 16:30:00+00:00,2025-12-05 20:35:00+00:00,4.083333333333333,3845.42976,0.3986277026011561,4,1,0.09965692565028902,-0.2203297011199422,4,1,-0.05508242527998555,0.17829800148121389,0.8914900074060695,-0.0035707909301908917,-0.08590751233778071,-0.0894783032679716,0.008,0.022089414739884395,0.030089414739884395,-0.028814534645952804,-0.14407267322976403,1
LUNA2USDT,2025-12-05 20:40:00+00:00,2025-12-06 09:15:00+00:00,12.583333333333334,8265.26148,1.6991300514216323,13,1,0.13070231164781787,-0.7834199857627403,13,1,-0.0602630758279031,0.915710065658892,4.57855032829446,-0.794674605143471,0.7507634882931792,-0.04391111685029179,0.008,0.020299401197604795,0.028299401197604795,0.7601128126125377,3.8005640630626885,1
PIPPINUSDT,2025-12-06 09:30:00+00:00,2025-12-06 11:05:00+00:00,1.5833333333333333,4262.71236,0.13008076084869824,2,1,0.06504038042434912,-0.11810594348929865,2,1,-0.059052971744649324,0.011974817359399592,0.05987408679699796,-0.9010096575943806,0.6710728904577724,-0.2299367671366081,0.008,0.0202673955341425,0.028267395534142502,-0.5173580835949199,-2.5867904179745995,1
PIPPINUSDT,2025-12-06 11:30:00+00:00,2025-12-06 15:35:00+00:00,4.083333333333333,3769.2966,0.2087204653537261,4,1,0.052180116338431524,-0.1527848997945504,4,1,-0.0381962249486376,0.0559355655591757,0.2796778277958785,0.2828639461367942,-0.36677997398128326,-0.08391602784448902,0.008,0.022713594952995624,0.030713594952995624,-0.12834641920849718,-0.6417320960424859,1
AIAUSDT,2025-12-06 15:40:00+00:00,2025-12-06 21:00:00+00:00,5.333333333333333,3243.4338,0.05328321599086236,6,1,0.00888053599847706,0.154497635636779,6,1,0.02574960593946317,0.20778085162764137,1.0389042581382069,-0.1413525498891351,0.1619552414605419,0.020602691571406838,0.008,0.021667047401484868,0.029667047401484868,0.20095789331810457,1.0047894665905228,1
PIPPINUSDT,2025-12-06 21:30:00+00:00,2025-12-07 02:30:00+00:00,5.0,14016.56064,1.8750617092213546,5,1,0.3750123418442709,-0.7923833113315044,5,1,-0.1584766622663009,1.0826783978898502,5.413391989449251,-3.6879166666666663,3.53014108593416,-0.15777558073250617,0.008,0.01405790251107829,0.022057902511078288,0.5592488979953592,2.7962444899767958,1
DOODUSDT,2025-12-07 02:35:00+00:00,2025-12-07 11:00:00+00:00,8.416666666666666,4792.21056,0.6331506627847235,9,1,0.07035007364274706,-0.3393389921219387,9,1,-0.037704332457993185,0.29381167066278485,1.4690583533139243,-1.087362171331637,1.0063980632889504,-0.08096410804268661,0.008,0.019696009590683336,0.027696009590683336,0.06402626220243181,0.3201313110121591,1
MOODENGUSDT,2025-12-07 11:55:00+00:00,2025-12-07 20:30:00+00:00,8.583333333333334,2716.64682,0.5215634959373328,9,1,0.05795149954859253,-0.34490070549311547,3,4,-0.11496690183103848,0.1766627904442173,0.8833139522210866,-0.692031447151315,0.7131707317073168,0.021139284556001846,0.008,0.020454337566292027,0.028454337566292027,0.1832398351578843,0.9161991757894216,1
AIAUSDT,2025-12-07 20:35:00+00:00,2025-12-07 22:05:00+00:00,1.5,3574.13256,0.007955116451902906,2,1,0.003977558225951453,0.05564988912196585,2,1,0.027824944560982924,0.06360500557386875,0.3180250278693438,-0.31375935521013143,0.39374999999999993,0.07999064478986848,0.008,0.021225352112676062,0.029225352112676063,0.1362675767455819,0.6813378837279095,1
SAHARAUSDT,2025-12-08 00:30:00+00:00,2025-12-08 01:05:00+00:00,0.5833333333333334,2722.63209,0.07242379919586442,1,1,0.07242379919586442,0.0,0,4,0.0,0.07242379919586442,0.36211899597932207,0.08304696449026305,-0.043202764976957755,0.039844199513305305,0.008,0.022139000574382534,0.030139000574382534,0.12269835404939758,0.613491770246988,1
MOODENGUSDT,2025-12-08 03:30:00+00:00,2025-12-08 08:30:00+00:00,5.0,3099.60774,0.20175461051646126,5,1,0.040350922103292254,-0.15519869117387008,2,4,-0.07759934558693504,0.04655591934259118,0.2327795967129559,-0.5371772270040448,0.4935308848080131,-0.043646342196031626,0.008,0.02086607375045509,0.02886607375045509,-0.07592850360430765,-0.37964251802153826,1
AIAUSDT,2025-12-08 13:30:00+00:00,2025-12-09 00:25:00+00:00,10.916666666666666,2691.48372,-0.03612675321352421,11,1,-0.0032842502921385645,0.17283450137069756,11,1,0.015712227397336142,0.13670774815717335,0.6835387407858667,-0.42232722976964077,0.342767295597485,-0.07955993417215579,0.008,0.02115565031982942,0.02915565031982942,-0.09957552933292797,-0.49787764666463985,1
LUNA2USDT,2025-12-09 00:30:00+00:00,2025-12-09 12:20:00+00:00,11.833333333333334,2953.88076,1.3075001479931279,12,1,0.10895834566609398,-0.5709996627830703,12,1,-0.04758330523192253,0.7365004852100575,3.6825024260502874,1.4590113125677968,-1.5134582087202895,-0.05444689615249274,0.008,0.02526924878962986,0.03326924878962986,0.6407605195689501,3.20380259784475,1
LUNA2USDT,2025-12-09 20:30:00+00:00,2025-12-10 04:40:00+00:00,8.166666666666666,2605.0488,0.11926381135637082,8,1,0.014907976419546352,-0.09834598307200487,8,1,-0.012293247884000609,0.020917828284365947,0.10458914142182975,-0.6915344556134196,0.626416018614905,-0.06511843699851454,0.008,0.020549855381336583,0.028549855381336583,-0.15255515086010007,-0.7627757543005004,1
AXLUSDT,2025-12-10 07:30:00+00:00,2025-12-10 10:50:00+00:00,3.3333333333333335,5438.03061,0.29826501062801936,3,1,0.09942167020933979,-0.11200526570048308,1,4,-0.11200526570048308,0.18625974492753627,0.9312987246376813,-0.16404647983595444,-0.02787456445993111,-0.19192104429588552,0.008,0.021848171152518983,0.029848171152518983,-0.2300618561766769,-1.1503092808833846,1
SUPERUSDT,2025-12-10 11:40:00+00:00,2025-12-11 00:05:00+00:00,12.416666666666666,2781.40512,0.4609152069072699,13,1,0.03545501591594384,-0.23611783491624938,13,1,-0.01816291037817303,0.2247973719910205,1.1239868599551026,-0.5106237148732017,0.39331709014966854,-0.11730662472353316,0.008,0.021004662407183565,0.029004662407183565,-0.05286900687273703,-0.26434503436368517,1
LRCUSDT,2025-12-11 00:30:00+00:00,2025-12-11 04:50:00+00:00,4.333333333333333,12418.60524,0.8216862023760494,4,1,0.20542155059401235,-0.3595723616664027,4,1,-0.08989309041660068,0.4621138407096467,2.3105692035482335,-0.3394581127374652,0.17730496453900657,-0.16215314819845858,0.008,0.02142848091240298,0.02942848091240298,0.09053424305401395,0.4526712152700697,1
LUNA2USDT,2025-12-11 04:55:00+00:00,2025-12-11 05:05:00+00:00,0.16666666666666666,2799.11784,0.09088180266065184,1,1,0.09088180266065184,-0.0195811167004235,1,1,-0.0195811167004235,0.07130068596022834,0.3565034298011417,-0.08346709470304922,0.06376195536663218,-0.019705139336417054,0.008,0.021837967225188732,0.029837967225188732,0.0009545250322253902,0.004772625161126951,1
NIGHTUSDT,2025-12-11 05:30:00+00:00,2025-12-11 06:25:00+00:00,0.9166666666666666,2566.22229,0.09992462409090909,1,1,0.09992462409090909,0.0,0,4,0.0,0.09992462409090909,0.4996231204545455,-0.8665543702040045,0.7667241709794909,-0.09983019922451364,0.008,0.020202083333333336,0.028202083333333336,-0.1669138228787847,-0.8345691143939235,1
LRCUSDT,2025-12-11 06:30:00+00:00,2025-12-11 08:15:00+00:00,1.75,4624.04484,0.20482213154362416,2,1,0.10241106577181208,-0.1613636196868009,2,1,-0.08068180984340045,0.043458511856823256,0.21729255928411628,-0.04260898066207741,0.056980056980056974,0.014371076317979554,0.008,0.021890628883917476,0.029890628883917476,0.04008209293230711,0.20041046466153556,1
LUNA2USDT,2025-12-11 08:30:00+00:00,2025-12-11 10:20:00+00:00,1.8333333333333333,9506.14176,0.33321746637848226,2,1,0.16660873318924113,-0.14029973305388174,2,1,-0.07014986652694087,0.19291773332460052,0.9645886666230026,-0.5558190677417969,0.45637465174899383,-0.09944441599280314,0.008,0.020885206532180595,0.028885206532180595,-0.0604020204086994,-0.302010102043497,1
LRCUSDT,2025-12-11 10:35:00+00:00,2025-12-11 12:45:00+00:00,2.1666666666666665,2551.68288,0.45173649828921886,2,1,0.22586824914460943,-0.22991753457069072,2,1,-0.11495876728534536,0.22181896371852813,1.1090948185926406,0.5886085990798017,-0.7472491377894562,-0.15864053870965442,0.008,0.02346642995480955,0.031466429954809555,-0.08079013892834325,-0.40395069464171623,1
LUNA2USDT,2025-12-11 13:30:00+00:00,2025-12-12 01:10:00+00:00,11.666666666666666,7872.12144,0.835026830659748,12,1,0.06958556922164567,-0.6531599247739066,12,1,-0.054429993731158886,0.18186690588584142,0.9093345294292071,-1.6625298097045806,1.4611253325302416,-0.2014044771743393,0.008,0.01856056338028169,0.02656056338028169,-0.3438288193427256,-1.719144096713628,1
AXLUSDT,2025-12-12 07:30:00+00:00,2025-12-12 09:35:00+00:00,2.0833333333333335,3973.61265,0.15649640842556226,2,1,0.07824820421278113,-0.06263880085683683,1,4,-0.06263880085683683,0.09385760756872542,0.4692880378436271,0.5815602836879442,-0.6326383896477357,-0.051078105959791474,0.008,0.023335237415208855,0.031335237415208855,-0.023161314244911094,-0.11580657122455547,1
LUNA2USDT,2025-12-12 09:40:00+00:00,2025-12-13 08:10:00+00:00,22.5,5694.60444,1.1605686175550254,23,1,0.05045950511108806,-0.6991353826099767,23,1,-0.030397190548259855,0.46143323494504873,2.3071661747252437,0.8007231585700116,-0.9391376846117185,-0.13841452604170695,0.008,0.02391225433866643,0.03191225433866643,0.1890896184566447,0.9454480922832236,1
LRCUSDT,2025-12-13 10:30:00+00:00,2025-12-13 12:35:00+00:00,2.0833333333333335,2840.06208,0.09376433679382311,2,1,0.046882168396911554,-0.07142713636572129,2,1,-0.035713568182860644,0.02233720042810182,0.1116860021405091,-0.30248033877797964,0.23187509661462383,-0.07060524216335584,0.008,0.021411359987768525,0.029411359987768525,-0.15996766923018127,-0.7998383461509063,1
TNSRUSDT,2025-12-13 15:30:00+00:00,2025-12-13 20:10:00+00:00,4.666666666666667,3900.94188,0.13773954691951984,5,1,0.027547909383903967,-0.10226182080433462,5,1,-0.020452364160866925,0.035477726115185224,0.1773886305759261,-0.11330918547413381,0.0375869197519261,-0.0757222657222077,0.008,0.021833527955532717,0.029833527955532717,-0.14756239719744055,-0.7378119859872028,1
FOLKSUSDT,2025-12-13 20:30:00+00:00,2025-12-15 03:05:00+00:00,30.583333333333332,8379.9036,4.210942125244479,31,1,0.1358368427498219,-2.575027525339629,31,1,-0.08306540404321384,1.6359145999048499,8.17957299952425,-0.6592952361268982,0.44188730971791407,-0.21740792640898413,0.008,0.02078318326784487,0.02878318326784487,1.1215183212940298,5.607591606470149,1
BEATUSDT,2025-12-15 03:30:00+00:00,2025-12-15 08:30:00+00:00,5.0,5267.5632,1.4418132680639117,5,1,0.28836265361278235,-0.7279900844782369,5,1,-0.1455980168956474,0.7138231835856749,3.5691159179283742,1.7933486536877257,-1.7304589458587323,0.06288970782899347,0.008,0.02587733333333334,0.03387733333333334,0.9223700926765829,4.611850463382915,1
WETUSDT,2025-12-15 08:35:00+00:00,2025-12-16 00:15:00+00:00,15.666666666666666,13140.0,2.259528737775976,16,1,0.1412205461109985,-0.4541454330028382,4,4,-0.11353635825070955,1.8053833047731376,9.026916523865689,-2.0650041028934316,1.6292456066786105,-0.43575849621482093,0.008,0.01792045999041687,0.02592045999041687,0.6633963525782319,3.3169817628911593,1
FOLKSUSDT,2025-12-16 00:30:00+00:00,2025-12-16 10:05:00+00:00,9.583333333333334,7175.00064,1.2476682828687102,10,1,0.12476682828687102,-0.671501231116252,10,1,-0.0671501231116252,0.5761670517524582,2.880835258762291,-1.7220889041252427,1.6266541749619385,-0.09543472916330416,0.008,0.018315095430884908,0.026315095430884908,0.27686178859456273,1.3843089429728137,1
PIPPINUSDT,2025-12-16 10:30:00+00:00,2025-12-16 11:00:00+00:00,0.5,11978.97588,0.12098189013793911,1,1,0.12098189013793911,-0.0987567641422145,1,1,-0.0987567641422145,0.022225125995724612,0.11112562997862308,-0.09963995645985067,-0.03415846935466372,-0.1337984258145144,0.008,0.021925595839492915,0.029925595839492915,-0.2774102340604277,-1.3870511703021384,1
PIPPINUSDT,2025-12-16 11:30:00+00:00,2025-12-17 01:05:00+00:00,13.583333333333334,4938.43248,6.001626524104693,14,1,0.42868760886462093,-3.127090633946675,14,1,-0.2233636167104768,2.874535890158018,14.372679450790088,-3.0938281352809587,3.0754178006702797,-0.018410334610679157,0.008,0.015213574228509878,0.02321357422850988,2.6589911331815674,13.294955665907837,1
ORCAUSDT,2025-12-17 02:35:00+00:00,2025-12-17 06:25:00+00:00,3.8333333333333335,3838.64952,0.128763391688771,4,1,0.03219084792219275,-0.07769743271441203,4,1,-0.019424358178603007,0.05106595897435896,0.25532979487179486,-0.2114537444933923,0.16858917480035407,-0.04286456969303821,0.008,0.021581786030061893,0.029581786030061893,-0.06693315685234512,-0.33466578426172555,1
OMUSDT,2025-12-17 06:30:00+00:00,2025-12-17 08:25:00+00:00,1.9166666666666667,5489.25471,0.28556803109540635,2,1,0.14278401554770317,-0.1906644261484099,1,4,-0.1906644261484099,0.09490360494699646,0.4745180247349823,0.025106703489832502,-0.005074854097944477,0.020031849391888026,0.008,0.02203331650681474,0.03003331650681474,0.10525393306411089,0.5262696653205544,1
PIPPINUSDT,2025-12-17 09:30:00+00:00,2025-12-18 00:30:00+00:00,15.0,2767.97604,0.6110460580517579,15,1,0.0407364038701172,-0.3882466773828125,15,1,-0.025883111825520833,0.22279938066894545,1.1139969033447272,-0.34442714896350535,0.5315221849591043,0.18709503599559887,0.008,0.021034008789062506,0.029034008789062506,0.588784903129885,2.943924515649425,1
BEATUSDT,2025-12-18 03:35:00+00:00,2025-12-18 09:20:00+00:00,5.75,2659.74624,0.5937746127015384,6,1,0.0989624354502564,-0.33846312184615385,6,1,-0.05641052030769231,0.25531149085538457,1.276557454276923,1.1598095470638512,-1.0646482193820577,0.09516132768179357,0.008,0.024447753846153848,0.03244775384615385,0.44932527547076967,2.246626377353848,1
BEATUSDT,2025-12-18 15:30:00+00:00,2025-12-18 19:35:00+00:00,4.083333333333333,7595.6646,0.7032145593710143,4,1,0.17580363984275357,-0.450809683347602,4,1,-0.1127024208369005,0.2524048760234123,1.2620243801170614,-0.6253853003630382,0.3088775546599145,-0.3165077457031236,0.008,0.020965248536734517,0.028965248536734517,-0.4474785170053264,-2.2373925850266323,1
WCTUSDT,2025-12-18 21:55:00+00:00,2025-12-18 23:20:00+00:00,1.4166666666666667,3326.69103,0.18487439315682286,2,1,0.09243719657841143,0.0,0,4,0.0,0.18487439315682286,0.9243719657841144,-0.12761955937668007,-0.027449903925337055,-0.15506946330201712,0.008,0.021887983706720984,0.029887983706720984,-0.15730143847929726,-0.7865071923964863,1
BEATUSDT,2025-12-18 23:30:00+00:00,2025-12-19 00:05:00+00:00,0.5833333333333334,8281.84416,0.09621722872005103,1,1,0.09621722872005103,-0.11490584684702106,1,1,-0.11490584684702106,-0.018688618126970022,-0.09344309063485011,-1.0062272174969626,0.8310675020688029,-0.17515971542815995,0.008,0.019975402703382127,0.027975402703382127,-0.46512746329162913,-2.3256373164581454,1
FUSDT,2025-12-19 00:30:00+00:00,2025-12-19 01:05:00+00:00,0.5833333333333334,3456.90405,0.12240501892303011,1,1,0.12240501892303011,0.0,0,4,0.0,0.12240501892303011,0.6120250946151506,0.045276184726833146,-0.05519779208831581,-0.009921607361482659,0.008,0.02211043504715546,0.03011043504715546,0.07404085707331934,0.37020428536659666,1
FUSDT,2025-12-19 01:30:00+00:00,2025-12-19 06:55:00+00:00,5.416666666666667,4403.5425,0.6782897824751066,5,1,0.13565795649502133,-0.28925249274537695,1,4,-0.28925249274537695,0.3890372897297297,1.9451864486486483,0.6410618469358944,-0.5216394382344509,0.11942240870144358,0.008,0.023279943100995733,0.03127994310099573,0.6138028658321498,3.069014329160749,1
BEATUSDT,2025-12-19 07:30:00+00:00,2025-12-19 08:50:00+00:00,1.3333333333333333,2568.9576,0.1306360749642458,1,1,0.1306360749642458,-0.11325715794918009,1,1,-0.11325715794918009,0.01737891701506572,0.0868945850753286,-1.2679077606680456,1.1059870874603996,-0.16192067320764583,0.008,0.019384636482965345,0.027384636482965345,-0.4425821746135622,-2.212910873067811,1
BEATUSDT,2025-12-19 09:30:00+00:00,2025-12-19 16:30:00+00:00,7.0,2524.14144,0.3151856246237275,7,1,0.04502651780338964,-0.0946018716974195,7,1,-0.013514553099631357,0.220583752926308,1.10291876463154,-1.2964940794056192,1.396470160116448,0.0999760807108288,0.008,0.01903660470139479,0.027036604701394792,0.44906772544405743,2.245338627220287,1
SOONUSDT,2025-12-19 17:30:00+00:00,2025-12-19 18:05:00+00:00,0.5833333333333334,10008.49272,0.13401494890297413,1,1,0.13401494890297413,-0.06778978493417845,1,1,-0.06778978493417845,0.06622516396879569,0.33112581984397843,-0.023963575365444547,-0.23567353014140435,-0.2596371055068489,0.008,0.02222793759141882,0.03022793759141882,-0.47594816611409113,-2.379740830570456,1
SOPHUSDT,2025-12-19 19:30:00+00:00,2025-12-19 20:05:00+00:00,0.5833333333333334,13204.50426,0.33493856060265353,1,1,0.33493856060265353,-0.3909601978862155,1,4,-0.3909601978862155,-0.056021637283561965,-0.2801081864178098,-0.2638812534359545,0.1081329805590689,-0.15574827287688556,0.008,0.021586912525297958,0.029586912525297958,-0.413919770856762,-2.06959885428381,1
SOPHUSDT,2025-12-19 20:30:00+00:00,2025-12-19 22:10:00+00:00,1.6666666666666667,5925.11508,0.28265519839374864,2,1,0.14132759919687432,-0.1969005035815064,2,1,-0.0984502517907532,0.08575469481224224,0.4287734740612112,-0.7438894792773637,0.5339321357285421,-0.20995734354882156,0.008,0.020589483394833956,0.028589483394833956,-0.4171130607770782,-2.085565303885391,1
SOONUSDT,2025-12-20 01:30:00+00:00,2025-12-20 07:35:00+00:00,6.083333333333333,3213.64104,0.21477603796319633,6,1,0.03579600632719939,-0.167591124275271,6,1,-0.0279318540458785,0.04718491368792532,0.23592456843962661,-0.1800450112528128,0.12706480304955536,-0.052980208203257446,0.008,0.021661709100075626,0.029661709100075626,-0.09339184456768244,-0.46695922283841224,1
ANIMEUSDT,2025-12-20 07:40:00+00:00,2025-12-20 10:35:00+00:00,2.9166666666666665,5482.1832,0.48654097845746636,2,2,0.24327048922873318,-0.23894595444452613,1,4,-0.23894595444452613,0.24759502401294023,1.2379751200647011,0.2814641971707738,-0.2728351126927641,0.008629084478009651,0.008,0.02260980810234542,0.03060980810234542,0.24345385792221003,1.21726928961105,1
ANIMEUSDT,2025-12-20 11:30:00+00:00,2025-12-21 03:50:00+00:00,16.333333333333332,4931.73984,1.1654490450925556,8,2,0.14568113063656946,-0.5641221224663737,4,4,-0.14103053061659343,0.6013269226261819,3.0066346131309096,-0.26219671275763085,-0.08025027203482049,-0.3424469847924513,0.008,0.021791982953788785,0.029791982953788786,-0.12096739086429573,-0.6048369543214787,1
LUNA2USDT,2025-12-21 17:45:00+00:00,2025-12-21 18:15:00+00:00,0.5,2851.66032,0.08697708112877717,1,1,0.08697708112877717,-0.024279493665196036,1,1,-0.024279493665196036,0.06269758746358113,0.31348793731790564,0.23586857568484576,-0.2193753663233703,0.01649320936147545,0.008,0.022500874053109136,0.030500874053109136,0.07048856390576544,0.3524428195288272,1
ACEUSDT,2025-12-21 18:30:00+00:00,2025-12-21 19:10:00+00:00,0.6666666666666666,2710.89588,0.05596459153709899,1,1,0.05596459153709899,-0.02281823971659122,1,1,-0.02281823971659122,0.03314635182050777,0.16573175910253884,0.21551724137931053,-0.23329379201265169,-0.01777655063334116,0.008,0.022493603621334384,0.030493603621334384,-0.02883711600078381,-0.14418558000391904,1
PIPPINUSDT,2025-12-21 19:35:00+00:00,2025-12-21 20:15:00+00:00,0.6666666666666666,2537.34276,0.12157008974725911,1,1,0.12157008974725911,-0.06478880110699799,1,1,-0.06478880110699799,0.05678128864026112,0.2839064432013056,0.1717512535732697,-0.06519402985074652,0.10655722372252319,0.008,0.022261752983335895,0.030261752983335895,0.2441345227064678,1.220672613532339,1
ACEUSDT,2025-12-21 20:30:00+00:00,2025-12-21 21:55:00+00:00,1.4166666666666667,4772.63196,0.06816167141208157,1,1,0.06816167141208157,-0.02757081338976529,1,1,-0.02757081338976529,0.04059085802231628,0.2029542901115814,-0.1839080459770125,0.16228748068006116,-0.021620565296951333,0.008,0.021619084263178146,0.029619084263178146,-0.03519983070412039,-0.17599915352060194,1
PIPPINUSDT,2025-12-21 23:30:00+00:00,2025-12-22 02:35:00+00:00,3.0833333333333335,3630.67836,0.27870594028276563,3,1,0.09290198009425521,-0.21069687482192928,3,1,-0.07023229160730976,0.06800906546083635,0.34004532730418174,-0.5024829955988604,0.2990853215893151,-0.20339767400954528,0.008,0.021115170315575974,0.029115170315575974,-0.3901462527996155,-1.9507312639980776,1
BEATUSDT,2025-12-22 05:30:00+00:00,2025-12-23 14:15:00+00:00,32.75,2920.0146,4.108041768041363,33,1,0.12448611418307161,-2.5411993878911723,33,1,-0.07700604205730825,1.5668423801501907,7.834211900750954,-2.8935641756154573,2.773946169359859,-0.11961800625559853,0.008,0.015764274282900406,0.023764274282900406,1.177695857929337,5.888479289646685,1
CVCUSDT,2025-12-23 14:30:00+00:00,2025-12-23 15:35:00+00:00,1.0833333333333333,14516.40624,0.3784450656417518,1,1,0.3784450656417518,-0.1650312872256498,1,1,-0.1650312872256498,0.21341377841610198,1.06706889208051,-0.6863905325443795,0.3591446958687971,-0.3272458366755824,0.008,0.020840699908971375,0.028840699908971375,-0.5234273260645327,-2.6171366303226633,1
CVCUSDT,2025-12-23 15:35:00+00:00,2025-12-24 00:10:00+00:00,8.583333333333334,3045.86952,0.3370822336963485,9,1,0.0374535815218165,-0.18566063446508652,9,1,-0.020628959385009613,0.15142159923126197,0.7571079961563099,-0.26895383312155874,0.19379844961240417,-0.07515538350915457,0.008,0.021490284005979073,0.029490284005979073,-0.03608704907110637,-0.18043524535553182,1
MOVEUSDT,2025-12-24 08:35:00+00:00,2025-12-24 11:45:00+00:00,3.1666666666666665,3623.67474,0.6682146491912995,3,1,0.22273821639709981,0.0,0,4,0.0,0.6682146491912995,3.3410732459564976,0.4005524861878452,-0.4926801801801786,-0.09212769399233336,0.008,0.022981595092024545,0.030981595092024545,0.46991570886782214,2.349578544339111,1
PIPPINUSDT,2025-12-24 11:50:00+00:00,2025-12-24 14:25:00+00:00,2.5833333333333335,3176.77896,0.21900077626932293,3,1,0.07300025875644098,-0.15955034321525163,3,1,-0.05318344773841721,0.0594504330540713,0.29725216527035647,0.8886364629297914,-0.842704090667611,0.04593237226218037,0.008,0.02390480902434198,0.03190480902434198,0.1423289210809861,0.7116446054049306,1
0GUSDT,2025-12-25 00:30:00+00:00,2025-12-25 03:10:00+00:00,2.6666666666666665,3315.78921,0.09901430406559616,3,1,0.03300476802186539,0.0,0,4,0.0,0.09901430406559616,0.49507152032798085,-0.2842904066145657,0.214130310317187,-0.07016009629737874,0.008,0.021451315339938503,0.029451315339938503,-0.07620628584443848,-0.38103142922219235,1
0GUSDT,2025-12-25 11:40:00+00:00,2025-12-26 12:55:00+00:00,25.25,4998.71661,3.28051268170063,25,1,0.1312205072680252,-1.4330546746968553,7,4,-0.20472209638526503,1.8474580070037747,9.237290035018873,-0.003971405877682466,0.037743547893501234,0.03377214201581877,0.008,0.021954616352201254,0.029954616352201254,1.883918484991191,9.419592424955955,1
ZKPUSDT,2025-12-26 13:30:00+00:00,2025-12-26 15:50:00+00:00,2.3333333333333335,2742.11652,0.128060733502254,2,1,0.064030366751127,-0.11880266483639226,2,1,-0.05940133241819613,0.009258068665861735,0.04589471232107787,-1.484875358806937,1.322728708777586,-0.16214665002935102,0.008068963240115853,0.019099276501503216,0.02716823974161907,-0.40541768315292137,-2.0097634409205734,1
ZKPUSDT,2025-12-26 17:30:00+00:00,2025-12-26 21:40:00+00:00,4.166666666666667,5973.25128,0.16804243087874712,4,1,0.04201060771968678,-0.19334272300828076,4,1,-0.04833568075207019,-0.025300292129533636,-0.12592645173477768,-0.9267538745639067,0.769637688216208,-0.15711618634769858,0.008036529825463618,0.020232195352032786,0.028268725177496404,-0.4115971547993447,-2.048631256218104,1
0GUSDT,2025-12-27 00:30:00+00:00,2025-12-27 16:20:00+00:00,15.833333333333334,6499.06152,1.384501866017831,16,1,0.08653136662611444,-0.3960069736657051,4,4,-0.09900174341642627,0.988494892352126,4.940250081383131,-0.5024708079058842,0.18161599427493835,-0.32085481363094587,0.008003602053079671,0.021249892188044003,0.029253494241123675,0.28838832698889016,1.4412926833508544,1
FLOWUSDT,2025-12-27 16:30:00+00:00,2025-12-27 17:55:00+00:00,1.4166666666666667,15933.99324,0.3621064034539954,1,1,0.3621064034539954,-0.06194550831055778,1,1,-0.06194550831055778,0.30016089514343763,1.4958172118607653,-0.8821425880839663,0.4519523152724541,-0.4301902728115121,0.008026673119238782,0.020584087597360304,0.028610760716599085,-0.7115189841735274,-3.5457728182208834,1
FLOWUSDT,2025-12-27 18:50:00+00:00,2025-12-28 00:20:00+00:00,5.5,3122.44068,0.36585268633681345,6,1,0.060975447722802244,-0.027256223150249663,6,1,-0.0045427038583749435,0.3385964631865638,1.692982315932819,1.009174311926605,-0.8805031446540884,0.12867116727251665,0.008,0.024077167498865185,0.03207716749886519,0.5244039983658633,2.6220199918293163,1
GASUSDT,2025-12-28 01:30:00+00:00,2025-12-28 06:25:00+00:00,4.916666666666667,3361.6938,0.5506077121763492,3,2,0.18353590405878306,-0.07138216151524021,1,4,-0.07138216151524021,0.47922555066110895,2.3926273632874233,-0.2630735370113966,0.12386395204426251,-0.13920958496713404,0.00801170392037417,0.021604376348387626,0.029616080268761794,0.1601823700853058,0.799741836080357,1
FLOWUSDT,2025-12-28 06:30:00+00:00,2025-12-28 06:50:00+00:00,0.3333333333333333,6550.65792,0.0,0,1,0.0,0.0,0,1,0.0,0.0,0.0,-0.07446657860041551,-0.1579629627949016,-0.23242954139531713,0.008024518509980993,0.022151749272346272,0.030176267782327265,-0.4901219217743558,-2.4431218952999423,1
FLOWUSDT,2025-12-28 06:50:00+00:00,2025-12-28 11:40:00+00:00,4.833333333333333,4062.85296,1.160305703692425,5,1,0.232061140738485,-0.17714553026265703,5,1,-0.035429106052531405,0.9831601734297679,4.91580086714884,-0.35153328347045687,0.3100775193798452,-0.04145576409061169,0.008,0.02127141225732775,0.02927141225732775,0.8473033024743045,4.236516512371523,1
FLOWUSDT,2025-12-28 12:35:00+00:00,2025-12-28 12:55:00+00:00,0.3333333333333333,4840.46064,0.0,0,1,0.0,0.0,0,1,0.0,0.0,0.0,0.15978359167533723,-0.49259250914275055,-0.33280891746741326,0.00805309302043699,0.022864633616296117,0.030917726636733107,-0.7001498335982528,-3.4776691729323157,1
FLOWUSDT,2025-12-29 02:30:00+00:00,2025-12-29 07:00:00+00:00,4.5,10283.25012,0.4975831113646337,5,1,0.09951662227292674,-0.02084159719175077,5,1,-0.004168319438350154,0.4767415141728829,2.3837075708644146,-0.7803223070398642,0.727272727272728,-0.0530495797671362,0.008,0.02033962264150944,0.02833962264150944,0.23778319912242354,1.1889159956121176,1
FLOWUSDT,2025-12-29 09:30:00+00:00,2025-12-29 09:35:00+00:00,0.08333333333333333,6664.28388,0.0,0,1,0.0,0.0,0,1,0.0,0.0,0.0,-0.1061267037468518,-0.09920920408018337,-0.2053359078270352,0.008016103689678922,0.022023711852033164,0.030039815541712086,-0.4415057072191144,-2.2030937937470645,1
FLOWUSDT,2025-12-29 09:35:00+00:00,2025-12-29 19:15:00+00:00,9.666666666666666,6909.76536,0.6887444943484352,10,1,0.06887444943484353,-0.17615099859878558,10,1,-0.01761509985987856,0.5125934957496496,2.562967478748248,-0.7136485280999114,0.29411764705882243,-0.41953088104108893,0.008,0.020869687062120505,0.028869687062120505,-0.45041911517982597,-2.25209557589913,1
0GUSDT,2025-12-30 01:30:00+00:00,2025-12-30 04:10:00+00:00,2.6666666666666665,3727.6647,0.15307396202644477,3,1,0.051024654008814924,-0.09718122002674193,1,4,-0.09718122002674193,0.055892741999702844,0.2794637099985142,-0.2953337271116364,0.27503736920777344,-0.02029635790386295,0.008,0.021372455801515373,0.029372455801515374,-0.02102094095973772,-0.1051047047986886,1
FLOWUSDT,2025-12-30 06:30:00+00:00,2025-12-30 07:20:00+00:00,0.8333333333333334,6127.78644,0.0539598755684567,1,1,0.0539598755684567,-0.016653517174649253,1,1,-0.016653517174649253,0.03730635839380745,0.18653179196903724,0.17975402081362335,-0.2970297029702959,-0.11727568215667256,0.008,0.02252152878567973,0.03052152878567973,-0.2060840625060455,-1.0304203125302276,1
ZRXUSDT,2025-12-30 08:30:00+00:00,2025-12-30 13:30:00+00:00,5.0,3488.8014,0.7479849976456201,5,1,0.14959699952912403,-0.4376891290016817,5,1,-0.08753782580033634,0.3102958686439384,1.551479343219692,0.1209750225699676,-0.19266625233064136,-0.07169122976067377,0.008,0.022343739489374723,0.030343739489374723,0.14663918006420956,0.7331959003210478,1
WCTUSDT,2025-12-30 13:35:00+00:00,2025-12-30 13:50:00+00:00,0.25,9185.30895,0.0,0,1,0.0,0.0,0,4,0.0,0.0,0.0,-0.5007009813739239,0.3136321291791745,-0.18706885219474945,0.008,0.021100829643202527,0.029100829643202528,-0.4301798747900443,-2.150899373950222,1
WCTUSDT,2025-12-30 13:50:00+00:00,2025-12-30 21:50:00+00:00,8.0,5244.16743,0.535936447845468,8,1,0.0669920559806835,-0.23588536391424325,2,4,-0.11794268195712163,0.30005108393122476,1.5002554196561237,-0.36474804975753794,0.23936738619363024,-0.12538066356390773,0.008,0.021334536191891323,0.029334536191891324,0.011748175843767118,0.05874087921883559,1
FLOWUSDT,2025-12-30 23:30:00+00:00,2025-12-31 00:30:00+00:00,1.0,2889.5736,0.060864044307058204,1,1,0.060864044307058204,4.95311695002576e-05,1,1,4.95311695002576e-05,0.060913575476558464,0.30456787738279234,-0.26236125126135135,0.0,-0.26236125126135135,0.008,0.021705306543019064,0.029705306543019065,-0.5045980164863455,-2.5229900824317273,1
FLOWUSDT,2025-12-31 05:30:00+00:00,2025-12-31 05:55:00+00:00,0.4166666666666667,3894.0828,0.0,0,1,0.0,0.0,0,1,0.0,0.0,0.0,-0.08371085286586602,-0.10526315789473695,-0.18897401076060297,0.008,0.022016790475221332,0.030016790475221333,-0.406530477256539,-2.0326523862826953,1
FLOWUSDT,2025-12-31 05:55:00+00:00,2025-12-31 07:05:00+00:00,1.1666666666666667,2725.87548,0.06134365092277188,2,1,0.03067182546138594,-0.02637122782042809,2,1,-0.013185613910214045,0.03497242310234379,0.17486211551171893,-0.023835534809812705,-0.20833333333333354,-0.23216886814314625,0.008,0.02219685799989832,0.03019685799989832,-0.45076360821597566,-2.253818041079878,1
RIVERUSDT,2025-12-31 07:30:00+00:00,2026-01-01 00:15:00+00:00,16.75,3715.53648,5.897400492281653,17,1,0.3469059113106855,-3.3799024559918758,17,1,-0.19881779152893386,2.517498036289777,12.587490181448885,10.26148172980221,-9.124786324786328,1.1366954050158824,0.008,0.04333716993906568,0.05133716993906568,5.1201893023696625,25.60094651184831,1
LIGHTUSDT,2026-01-01 00:30:00+00:00,2026-01-01 01:05:00+00:00,0.5833333333333334,8086.41732,0.25999653358568847,1,1,0.25999653358568847,-0.19869410345809338,1,1,-0.19869410345809338,0.06130243012759509,0.29883574475875513,0.1225104191000107,-0.2437637580029141,-0.12125333890290341,0.008205501678132042,0.022963580790369174,0.031169082468501218,-0.1879305367771798,-0.9161196677493662,1
RIVERUSDT,2026-01-01 01:30:00+00:00,2026-01-01 06:25:00+00:00,4.916666666666667,6125.00952,0.37774185005877925,5,1,0.07554837001175585,-0.13069684604836343,5,1,-0.026139369209672685,0.24704500401041582,1.2065001759557807,-3.0443044607617975,3.3737887365778736,0.32948427581607626,0.00819046723518987,0.01545436664312841,0.02364483387831828,1.2193851310211459,5.955143197604787,1
FLOWUSDT,2026-01-01 06:30:00+00:00,2026-01-01 08:00:00+00:00,1.5,5941.35612,0.1757891308530381,2,1,0.08789456542651905,-0.010663985459896457,2,1,-0.005331992729948228,0.16512514539314163,0.7969342947045279,0.5023646133977214,-0.34921424349739755,0.15315036990032385,0.008288018045671561,0.023732868251190167,0.03202088629686173,0.4806721685874925,2.319841322442703,1
LIGHTUSDT,2026-01-01 08:30:00+00:00,2026-01-01 10:30:00+00:00,2.0,6420.8172,0.8609590635467262,2,1,0.4304795317733631,-0.5845862713191505,2,1,-0.29229313565957526,0.2763727922275757,1.3276825922435171,0.850205074211914,-0.8303732516538667,0.01983182255804751,0.008326471819158559,0.02474717542049035,0.03307364723964891,0.3972496949701139,1.9083698526719255,1
LIGHTUSDT,2026-01-01 10:35:00+00:00,2026-01-01 12:20:00+00:00,1.75,2822.14788,0.8636240118067003,2,1,0.43181200590335017,-0.672960299074415,2,1,-0.3364801495372075,0.19066371273228533,0.9124573770409964,-7.43183794537362,7.654117905553367,0.22227996017974738,0.00835825179475617,0.006398773125565145,0.014757024920321314,-0.3830254319155763,-1.83304088616177,1
LIGHTUSDT,2026-01-01 12:30:00+00:00,2026-01-01 12:50:00+00:00,0.3333333333333333,17520.0,0.0,0,1,0.0,0.0,0,1,0.0,0.0,0.0,0.5367298906116466,-0.9069428938060674,-0.37021300319442085,0.008327609760202923,0.024480169884564616,0.03280777964476754,-0.7108617481558085,-3.4144815553340075,1
LIGHTUSDT,2026-01-01 12:55:00+00:00,2026-01-01 17:15:00+00:00,4.333333333333333,13408.6692,0.2738284379306653,5,1,0.05476568758613306,0.263828582959168,5,1,0.0527657165918336,0.5376570208898332,2.6002847027531493,-0.5324786597029832,0.5143415318332423,-0.0181371278697409,0.008270740820350458,0.0215929822899012,0.029863723110251657,0.46598289543685945,2.253645256494033,1
RIVERUSDT,2026-01-01 17:30:00+00:00,2026-01-02 19:05:00+00:00,25.583333333333332,4197.72192,4.15653677549206,26,1,0.15986679905738693,-2.713318260778421,26,1,-0.1043583946453239,1.4432185147136387,6.948556262076377,5.700972312398403,-5.600593205839355,0.10037910655904747,0.008308019451985407,0.0352806292757606,0.04358864872774601,1.9798559637204702,9.532264459238043,1
RIVERUSDT,2026-01-02 19:30:00+00:00,2026-01-02 22:05:00+00:00,2.5833333333333335,7246.64868,1.1537123485639018,3,1,0.3845707828546339,-0.5488854398343102,3,1,-0.18296181327810337,0.6048269087295917,2.857537287575972,-0.5071822583215346,0.532334610835756,0.02515235251422125,0.008466407929083045,0.022140045650817456,0.0306064535799005,0.5574671391062768,2.633783506657248,1
FLOWUSDT,2026-01-02 22:30:00+00:00,2026-01-02 23:05:00+00:00,0.5833333333333334,2559.50556,0.044733597797728536,1,1,0.044733597797728536,0.001592534827284104,1,1,0.001592534827284104,0.04632613262501264,0.21772343449891246,0.020745056792845776,0.12228455891108557,0.14302961570393136,0.008511005300211547,0.023298230294437495,0.031809235594649043,0.29456224459183894,1.3843828511516374,1
RIVERUSDT,2026-01-02 23:30:00+00:00,2026-01-03 02:00:00+00:00,2.5,4726.57188,0.6032432410050929,3,1,0.20108108033503094,-0.5696650993302379,3,1,-0.18988836644341264,0.033578141674854955,0.15737472690060206,-0.5151614928297851,0.28787241023063626,-0.22728908259914885,0.008534570279778893,0.022579663460666775,0.031114233740445668,-0.49751462564502213,-2.331761807967261,1
RIVERUSDT,2026-01-03 02:40:00+00:00,2026-01-03 02:45:00+00:00,0.08333333333333333,3159.34656,0.0,0,1,0.0,0.0,0,1,0.0,0.0,0.0,0.05133933872537045,-0.31605312896596083,-0.2647137902405904,0.008494769109727292,0.023768170104991646,0.03226293921471894,-0.5703290701118785,-2.6855541933861358,1
RIVERUSDT,2026-01-03 02:45:00+00:00,2026-01-03 21:05:00+00:00,18.333333333333332,2562.957,0.3299857074490631,19,1,0.017367668813108583,0.18120171731663923,19,1,0.009536932490349433,0.5111874247657023,2.420067634442488,-1.9130260767143545,2.30640898320392,0.39338290648956503,0.008449142784118343,0.018583376214795836,0.02703251899891418,1.4735036607273495,6.975872929959523,1
FLOWUSDT,2026-01-04 00:30:00+00:00,2026-01-04 03:25:00+00:00,2.9166666666666665,14928.91464,0.24942213717681164,3,1,0.08314071239227054,-0.013101523227854097,3,1,-0.004367174409284699,0.23632061394895754,1.1033966493404601,-0.5898691424692755,0.22079956383960148,-0.36906957862967393,0.00856702307697653,0.022647809596571457,0.031214832673547986,-0.6119814488878481,-2.857382049232571,1
PIPPINUSDT,2026-01-04 20:30:00+00:00,2026-01-05 11:00:00+00:00,14.5,2509.40712,2.6927538071986987,15,1,0.17951692047991324,-2.012675407344423,15,1,-0.1341783604896282,0.6800783998542759,3.1935818047812807,-2.368934768947341,2.45858686625991,0.08965209731256873,0.008518064561065502,0.01811511241698207,0.02663317697804757,0.7633674138780143,3.584698887431427,1
RIVERUSDT,2026-01-05 12:30:00+00:00,2026-01-05 23:10:00+00:00,10.666666666666666,5061.53676,3.3053984452153604,11,1,0.30049076774685096,-2.3935654106842086,11,1,-0.21759685551674623,0.9118330345311518,4.2513989845668885,0.22488145203728213,-0.284856098758729,-0.059974646721446895,0.008579133954175745,0.024151758308089712,0.03273089226226546,0.7834354488549915,3.6527484151179053,1
RIVERUSDT,2026-01-05 23:30:00+00:00,2026-01-06 10:30:00+00:00,11.0,4560.38592,0.6109794110287152,11,1,0.055543582820792296,-0.2475313322042283,11,1,-0.02250284838220257,0.36344807882448693,1.6822778085139656,1.7662171282420802,-2.095366333593258,-0.32914920535117786,0.008641808790084143,0.028019046525505527,0.03666085531558967,-0.4665476361732191,-2.159490669168932,1
PIPPINUSDT,2026-01-06 16:30:00+00:00,2026-01-07 14:15:00+00:00,21.75,5684.57424,1.5569637955276006,22,1,0.07077108161489093,-1.1636857487288932,22,1,-0.052894806760404235,0.39327804679870737,1.828246770142965,-0.7521961352227641,0.6297293246226715,-0.12246681060009251,0.008604484979190285,0.02214039517956165,0.030744880158751937,0.08024908455365437,0.37305700340106174,1
ZKPUSDT,2026-01-07 14:30:00+00:00,2026-01-07 15:55:00+00:00,1.4166666666666667,13140.0,0.443469744976778,1,1,0.443469744976778,0.0,0,4,0.0,0.443469744976778,2.060037823295954,-0.388570702376279,-0.027192829091190984,-0.41576353146746997,0.008610904905954578,0.023268743985172168,0.031879648891126745,-0.44163330774864645,-2.0515070718908994,1
ZKPUSDT,2026-01-07 15:55:00+00:00,2026-01-07 18:25:00+00:00,2.5,2952.83832,0.4302037185695268,3,1,0.1434012395231756,-0.4243271589312389,1,4,-0.4243271589312389,0.005876559638287926,0.027410687484752325,0.12826320329302057,-0.06870700848007025,0.05955619481295034,0.008575574241334686,0.0238001765360823,0.03237575077741699,0.0967030627414187,0.4510627977555379,1
ZKPUSDT,2026-01-07 20:30:00+00:00,2026-01-08 09:50:00+00:00,13.333333333333334,3315.38844,0.5189396367014011,13,1,0.03991843359241547,-0.4972265636969269,13,1,-0.03824819720745592,0.02171307300447417,0.10118740567054754,-0.7775653266688507,0.8171641477359176,0.03959882106706693,0.008583310486353999,0.021850208993793183,0.03043351948014718,0.04795568195136461,0.22348338454075953,1
